depth;datetime;value
5.1;34738.6925115741;8.44
6.2;34738.6925115741;8.44
11.9;34738.6925115741;8.43
17;34738.6925115741;8.44
20.9;34738.6925115741;8.45
31.5;34738.6925115741;8.72
37.4;34738.6925115741;9.37
42.2;34738.6925115741;13.86
45.1;34738.6925115741;15.95
10.8;34782.6713657407;8.17
16.1;34782.6715046296;8.17
20.7;34782.6716435185;8.18
31;34782.6719097222;8.18
36;34782.6720486111;8.24
41.5;34782.6721875;14.64
46.4;34782.672337963;17.950001
2;34841.6239699074;8.33
6.5;34841.6241666667;8.33
11.4;34841.6243287037;8.33
16.5;34841.6245138889;8.33
21.5;34841.6246875;8.34
31.7;34841.6250925926;8.4
36.7;34841.6252546296;8.46
41.8;34841.6254398148;8.95
46.5;34841.6256365741;13.35
0.876;34918.2094328704;7.7169
5.205;34918.2095949074;7.7167
10.244;34918.2097685185;7.714
15.302;34918.2099305556;7.7121
20.172;34918.2101157407;7.7953
30.272;34918.210474537;8.2413
35.221;34918.2106597222;8.3562
40.206;34918.2108217593;11.0561
45.829;34918.2109837963;11.7452
1.877;35002.6673148148;7.5175
5.186;35002.6674189815;7.5146
10.215;35002.6675694444;7.5145
15.175;35002.6677546296;7.5268
20.182;35002.6679398148;7.5493
30.211;35002.668275463;7.6813
35.208;35002.6684606482;16.5872
40.212;35002.6686226852;17.361601
45.807;35002.6688078704;19.474199
1.407;35109.9850578704;7.6909
5.497;35109.9851967593;7.6909
10.556;35109.9853587963;7.6906
15.559;35109.9855439815;7.6907
20.45;35109.9857175926;7.6911
30.524;35109.9860648148;7.6922
35.464;35109.9862268519;7.7227
40.502;35109.9863888889;15.3307
46.247;35109.9865856481;17.949699
1.441;35149.1347106481;7.7315
4.847;35149.1348958333;7.7339
9.843;35149.1350925926;7.7328
14.776;35149.1353009259;7.804
19.869;35149.1354976852;7.8822
29.914;35149.1358796296;10.3349
34.827;35149.136087963;11.7689
39.746;35149.1362615741;12.7965
45.066;35149.1369675926;13.4361
1.005;35198.4946296296;7.5561
5.163;35198.4947916667;7.5756
10.141;35198.4949768518;7.7192
15.115;35198.4951736111;7.8102
20.094;35198.4953587963;7.9217
30.097;35198.4957175926;10.3853
35.14;35198.4958796296;12.6064
40.063;35198.4960648148;15.603
45.457;35198.4963425926;16.4795
5.21;35282.7735069444;7.369
15.19;35282.7735069444;7.322
35.17;35282.7735069444;10.742
1.52;35282.7736458333;7.368
10.14;35282.7740046296;7.365
20.14;35282.7743865741;7.559
30.18;35282.7747569444;8.875
40.16;35282.7751388889;12.821
46.37;35282.7753587963;16.224001
3.02;35369.2724189815;7.47
5.73;35369.2725115741;7.472
10.49;35369.2726967593;7.472
15.6;35369.2728819444;7.471
20.44;35369.2730555556;7.474
30.46;35369.2734027778;13.037
35.34;35369.2735648148;13.999
40.38;35369.2737615741;14.342
43.94;35369.2739467593;14.931
5.25;35469.5735185185;8.01
10.26;35469.5737037037;8.007
15.31;35469.5738425926;8.006
20.36;35469.5739699074;8.004
30.36;35469.574224537;8.012
35.28;35469.574375;11.584
40.2;35469.5744907407;14.682
2.52;35471.9774189815;7.935
5.54;35471.9774768519;7.942
10.63;35471.9776388889;7.936
15.58;35471.9778356481;7.937
20.55;35471.977974537;7.936
30.52;35471.9782638889;8.148
35.53;35471.9784027778;10.786
40.51;35471.978599537;13.671
45.77;35471.9788657407;15.754
2.9;35483.8660185185;7.89
5.36;35483.8660185185;7.886
10.65;35483.86625;7.889
15.31;35483.8663888889;7.892
20.37;35483.8665625;7.889
30.37;35483.8668865741;13.645
35.41;35483.8670486111;16.09
40.39;35483.8672337963;16.35
46.38;35483.8674537037;17.431999
2.35;35513.2367708333;7.579
5.32;35513.2369328704;7.579
10.38;35513.2371875;7.58
15.4;35513.2374305556;7.582
20.39;35513.2376967593;7.583
30.36;35513.2381828704;7.602
35.27;35513.2384375;12.258
39.62;35513.2387037037;14.105
45.34;35513.2389467593;18.360001
1.9;35555.1350925926;7.762
5.58;35555.1352199074;7.77
10.52;35555.1354398148;7.783
15.51;35555.1356018518;7.804
20.52;35555.1358449074;7.841
30.55;35555.1362037037;8.48
35.5;35555.1364236111;13.387
40.49;35555.1365856481;15.269
45.39;35555.1367476852;16.246
1.04;35645.6285185185;7.299
4.92;35645.628599537;7.324
9.94;35645.6287037037;7.324
14.93;35645.6288194444;7.361
19.92;35645.6289236111;7.627
29.99;35645.6291435185;7.984
34.97;35645.6292708333;8.892
40.01;35645.6293865741;9.188
46.65;35645.6294675926;14.331
2.12;35731.0212037037;7.734
5.55;35731.0213425926;7.734
10.52;35731.0215277778;7.77
15.52;35731.021712963;8.074
20.56;35731.0219097222;8.262
30.51;35731.0222685185;8.984
35.49;35731.0224537037;14.161
40.5;35731.0226388889;16.733
47.3;35731.0228935185;18.379
1.92;35807.4105555556;7.205
5.79;35807.4106597222;7.205
10.71;35807.4108217593;7.22
15.71;35807.4109837963;7.914
20.82;35807.4111458333;7.97
30.7;35807.4114699074;8.487
35.8;35807.4116319444;10.391
40.79;35807.4117708333;16.761999
46.28;35807.4119328704;17.555
1.3;35839.7165856482;7.628
5.39;35839.7167476852;7.628
10.32;35839.7168865741;7.629
15.34;35839.7170486111;7.63
20.28;35839.7171875;7.629
30.38;35839.7175;8.358
35.29;35839.717650463;11.398
40.26;35839.7178356481;13.179
46.22;35839.7180208333;16.66
1.58;35879.1165046296;7.356
5.22;35879.1166087963;7.354
10.21;35879.1167939815;7.355
15.19;35879.1169675926;7.367
20.16;35879.1171527778;7.386
30.19;35879.1174884259;8.816
35.28;35879.1176736111;9.747
40.23;35879.1178356481;12.035
46.57;35879.1180555556;15.543
0.88;35924.6247916667;7.353
5.5;35924.6249305556;7.355
10.5;35924.6250925926;7.364
15.53;35924.6252546296;7.4
20.41;35924.6254398148;7.461
30.51;35924.6257638889;7.846
35.49;35924.6259375;10.726
40.5;35924.6261226852;12.068
46.92;35924.6263425926;16.041
0.97;36009.5937615741;7.144
10.04;36009.5941666667;7.171
1;36011.696400463;7.173
5.11;36011.6965856481;7.173
10.12;36011.6968055556;7.172
14.85;36011.6970138889;7.173
20.15;36011.6972337963;7.193
30.06;36011.6976736111;7.408
35.07;36011.6978935185;9.127
40.04;36011.6981018518;12.913
46.15;36011.6983449074;16.882999
1.24;36100.2121064815;8.546
10.42;36100.2124768519;8.562
0.92;36102.8966087963;8.739
5.32;36102.8966435185;8.739
10.35;36102.8968287037;8.739
15.4;36102.8970138889;8.739
20.56;36102.8972337963;8.741
30.38;36102.8975578704;9.379
35.44;36102.8977314815;11.019
40.45;36102.8979166667;12.188
1.55;36170.6466435185;7.528
4.98;36170.6468287037;7.521
9.86;36170.6469675926;7.549
14.89;36170.6471296296;7.555
19.88;36170.6472685185;7.609
29.88;36170.6475694444;8.858
34.97;36170.6477314815;12.245
39.87;36170.6478935185;14.539
45.68;36170.6480439815;16.173
1.19;36202.5182407407;7.534
4.92;36202.5183796296;7.528
9.9;36202.5185416667;7.53
14.86;36202.5187268518;7.591
19.89;36202.518900463;7.756
29.86;36202.5192476852;7.8
34.87;36202.5194328704;7.824
39.92;36202.5195949074;12.142
45.65;36202.5197916667;15.712
1.48;36202.934849537;7.465
4.86;36202.9349768519;7.465
9.89;36202.9351736111;7.465
14.86;36202.9353935185;7.481
19.88;36202.9356018519;7.613
29.86;36202.9360069444;7.783
34.89;36202.9362037037;7.857
39.84;36202.936400463;12.167
45.55;36202.9366087963;15.726
11.27;36240.0420717593;7.319
0.92;36242.7666666667;7.234
5.56;36242.7671064815;7.245
10.52;36242.7673148148;7.294
15.51;36242.7675115741;7.367
20.52;36242.7677314815;7.43
30.59;36242.7682175926;7.553
35.56;36242.7684027778;7.692
40.54;36242.768587963;10.381
46.08;36242.7689467593;15.716
1.6;36288.2373726852;7.38
10.27;36288.2376388889;7.37
2.11;36291.3402546296;7.475
5.03;36291.3403819444;7.476
10.2;36291.3405787037;7.476
15.22;36291.3407638889;7.474
20.09;36291.3409606482;7.474
30.17;36291.3413425926;7.473
35.19;36291.3415277778;7.493
40.22;36291.341712963;8.03
45.51;36291.3419097222;14.572
0.94;36373.4128009259;7.238
6.29;36373.4129166667;7.289
10.3;36373.4130208333;7.292
1.19;36376.5486805556;7.017
5.36;36376.5488078704;7.046
10.34;36376.5489699074;7.256
15.39;36376.5491087963;7.565
20.38;36376.5492708333;7.601
30.36;36376.5495949074;8.643
35.41;36376.5497337963;10.723
40.37;36376.5498958333;13.657
2.066;34704.7816319444;8.68031
3;34704.7816435185;8.66474
4;34704.7816898148;8.66428
5;34704.781724537;8.66578
6;34704.7817476852;8.6687
7;34704.7817939815;8.6649
8;34704.7818287037;8.66306
9;34704.7818518519;8.66313
10;34704.7818865741;8.66527
11;34704.7819097222;8.66925
12;34704.7819444444;8.6603
13;34704.7819907407;8.67353
14;34704.7820138889;8.67001
15;34704.7820486111;8.67741
16;34704.7820949074;8.68014
17;34704.7821296296;8.67327
18;34704.7821527778;8.68051
19;34704.7821875;8.68022
20;34704.7822106481;8.70429
21;34704.7822569444;8.72141
22;34704.7822916667;8.73978
23;34704.7823148148;8.76159
24;34704.782349537;8.84128
25;34704.7823958333;8.92635
26;34704.7824305556;8.9635
27;34704.7824537037;9.06655
28;34704.7825;9.11844
29;34704.7825115741;9.13872
30;34704.7825578704;9.18126
31;34704.7825925926;9.30335
32;34704.7826157407;9.40736
33;34704.782650463;9.50636
34;34704.7826967593;9.66277
35;34704.7827199074;10.5912
36;34704.7827546296;11.7982
37;34704.7828009259;13.0743
38;34704.7828125;13.8413
39;34704.7828587963;14.6607
40;34704.7828935185;15.1597
41;34704.7829166667;15.7789
42;34704.782962963;16.534
43;34704.7829976852;17.174101
44;34704.7830208333;17.288601
45;34704.7830555556;17.4461
45.454;34704.7831018519;17.5723
3.088;34707.5683796296;8.64335
4;34707.5684027778;8.65105
5;34707.5684606481;8.65207
6;34707.5685069444;8.65174
7;34707.5685416667;8.64746
8;34707.568587963;8.64748
9;34707.5686226852;8.64432
10;34707.5686689815;8.65169
11;34707.5687037037;8.64517
12;34707.5687615741;8.64472
13;34707.5687847222;8.64631
14;34707.5688425926;8.64789
15;34707.5688888889;8.64784
16;34707.5689236111;8.65349
17;34707.5689699074;8.65021
18;34707.5690046296;8.64394
19;34707.5690625;8.64335
20;34707.5690856481;8.641
21;34707.5691435185;8.64146
22;34707.5691898148;8.65767
23;34707.569224537;8.65537
24;34707.5692708333;8.64768
25;34707.5693055556;8.65292
26;34707.5693518519;8.7306
27;34707.5693865741;8.73229
28;34707.5694328704;8.79017
29;34707.5694907407;8.95985
30;34707.5695138889;9.06108
31;34707.5695717593;9.12526
32;34707.5696064815;9.21109
33;34707.5696527778;9.32144
34;34707.5696875;9.47327
35;34707.5697337963;9.82383
36;34707.5697916667;10.6912
37;34707.5698148148;12.2074
38;34707.5698726852;13.6763
39;34707.5699189815;14.5047
40;34707.5699537037;15.1431
41;34707.57;15.6952
42;34707.5700347222;17.259501
43;34707.5700694444;17.6199
44;34707.5701157407;17.6339
45;34707.5701736111;17.649099
45.57;34707.5701967593;17.6441
5.922;34738.6927546296;8.4552
7.028;34738.6928125;8.452
8.029;34738.6928587963;8.4435
9.041;34738.6928935185;8.4402
10.009;34738.6929398148;8.4398
11.016;34738.692974537;8.439
11.999;34738.6929976852;8.4385
13.029;34738.6930439815;8.4376
13.993;34738.6930787037;8.4366
14.968;34738.6931018519;8.4365
15.998;34738.6931365741;8.4364
16.705;34738.6931597222;8.4368
17.944;34738.6932175926;8.4384
18.91;34738.6932407407;8.4382
20.001;34738.6932986111;8.438
21.205;34738.6933449074;8.4399
21.832;34738.6933564815;8.4401
23.041;34738.6934259259;8.4512
23.746;34738.6934259259;8.4533
25.025;34738.6934837963;8.5031
25.884;34738.6935185185;8.5134
26.986;34738.6935648148;8.5414
27.913;34738.6935648148;8.5441
28.988;34738.6936226852;8.5672
30.032;34738.6936458333;8.5899
30.929;34738.6936805556;8.6138
31.957;34738.6937268519;8.6327
33.989;34738.6938078704;8.6941
35.167;34738.6938425926;8.8874
35.997;34738.6938657407;9.3133
36.977;34738.6938888889;10.7348
37.964;34738.6939467593;11.8899
38.964;34738.6939467593;12.6984
40.122;34738.6940046296;13.7116
40.966;34738.6940277778;14.3388
41.928;34738.6940625;14.8598
43.089;34738.6941087963;15.4142
43.939;34738.6941319444;15.7379
44.948;34738.6941666667;16.4657
1;34782.671099537;8.15637
2;34782.6711226852;8.16556
3;34782.6711458333;8.16469
4;34782.6711805556;8.16199
5;34782.6712037037;8.16076
6;34782.6712268519;8.16617
7;34782.6712615741;8.17051
8;34782.6712847222;8.17011
9;34782.6713078704;8.16908
10;34782.6713425926;8.16715
11;34782.6713657407;8.16597
12;34782.6713888889;8.16496
13;34782.6714236111;8.16256
14;34782.6714467593;8.16593
15;34782.6714699074;8.16602
16;34782.6715046296;8.16632
17;34782.6715277778;8.16851
18;34782.6715625;8.16256
19;34782.6715856481;8.16326
20;34782.6716087963;8.1646
21;34782.6716435185;8.16455
22;34782.6716666667;8.166
23;34782.6716898148;8.17221
24;34782.671724537;8.17031
25;34782.6717476852;8.17344
26;34782.6717708333;8.1748
27;34782.6718055556;8.17412
28;34782.6718287037;8.17438
29;34782.6718518519;8.1766
30;34782.6718865741;8.17925
31;34782.6719097222;8.1831
32;34782.6719328704;8.18065
33;34782.6719675926;8.17222
34;34782.6719907407;8.18966
35;34782.6720138889;8.22388
36;34782.6720486111;8.57631
37;34782.6720717593;10.8253
38;34782.6721064815;12.551
39;34782.6721296296;13.1992
40;34782.6721527778;13.7124
41;34782.6721875;14.0617
42;34782.6722106481;14.3893
43;34782.6722337963;14.9206
44;34782.6722685185;15.9266
45;34782.6722916667;16.928801
45.785;34782.672337963;18.437901
1.966;34841.6239699074;8.3264
3.003;34841.6240277778;8.3263
4.12;34841.6240856481;8.3263
4.989;34841.6241087963;8.3262
5.98;34841.6241435185;8.3261
7.011;34841.6241898148;8.3262
7.993;34841.624224537;8.3264
9.028;34841.6242476852;8.3265
9.989;34841.6242939815;8.3267
10.949;34841.6243287037;8.3268
11.898;34841.6243518519;8.3269
12.943;34841.6244097222;8.3269
13.963;34841.6244328704;8.327
15.045;34841.6244675926;8.3275
16.079;34841.6245138889;8.3277
16.993;34841.6245486111;8.3283
17.978;34841.6245717593;8.3289
18.914;34841.6246064815;8.3296
19.98;34841.6246527778;8.3309
21.018;34841.6246875;8.332
22.016;34841.6247337963;8.3326
22.972;34841.6247685185;8.3329
24.062;34841.6248148148;8.3326
25.037;34841.624837963;8.3324
25.867;34841.6248726852;8.3331
27.041;34841.6249189815;8.3344
28.019;34841.6249537037;8.3349
28.786;34841.6249768519;8.3352
30.019;34841.6250115741;8.3372
30.95;34841.6250578704;8.3393
31.966;34841.6250925926;8.3416
32.83;34841.6251157407;8.3426
34.054;34841.625150463;8.3478
35.15;34841.6251967593;8.3664
36.004;34841.6252314815;8.4045
36.917;34841.6252546296;8.4397
37.939;34841.6253125;8.4486
39.027;34841.6253356481;8.5892
40.09;34841.6253819444;8.8618
41.062;34841.6254166667;8.9809
42.024;34841.6254398148;9.0696
42.736;34841.625474537;9.2075
43.928;34841.6255555556;11.9445
44.971;34841.6255787037;14.6795
45.72;34841.6256365741;14.8929
1.052;34918.2094328704;7.7169
2.066;34918.2094907407;7.7169
3.037;34918.2095138889;7.7169
4.014;34918.2095486111;7.7168
4.979;34918.2095949074;7.7168
5.997;34918.2096296296;7.7167
7.015;34918.2096527778;7.7165
7.923;34918.2096875;7.715
9.049;34918.2097337963;7.7143
9.992;34918.2097685185;7.7131
10.988;34918.2097916667;7.7099
11.955;34918.209837963;7.6964
13.045;34918.2098726852;7.6709
14.037;34918.2099189815;7.6687
14.976;34918.2099305556;7.6789
16.047;34918.2099768519;7.6956
16.937;34918.2100115741;7.7079
17.937;34918.2100347222;7.7248
19.051;34918.2100925926;7.7399
20.022;34918.2101157407;7.7705
20.983;34918.210150463;7.7326
21.996;34918.2101967593;7.745
23.128;34918.2102314815;7.8194
23.881;34918.2102546296;7.8542
25.047;34918.2103125;8.0382
26.098;34918.2103356481;8.2154
26.945;34918.2103587963;8.2855
28.017;34918.2104166667;8.2755
29.003;34918.2104398148;8.2437
29.882;34918.210474537;8.2303
31.011;34918.2105208333;8.1507
32.15;34918.2105555556;8.1432
32.875;34918.2105787037;8.1621
33.956;34918.210625;8.2515
35.043;34918.2106597222;8.3067
35.997;34918.2106828704;8.3515
36.863;34918.2107175926;8.4348
37.993;34918.2107638889;8.751
38.98;34918.2107986111;9.5574
39.968;34918.2108217593;10.8655
41.099;34918.2108564815;11.4621
41.988;34918.2109027778;11.5881
42.94;34918.2109375;11.6917
44.035;34918.2109606481;11.7071
44.881;34918.2109837963;11.7248
1.064;34918.23;7.7181
2.054;34918.230150463;7.718
2.965;34918.2301967593;7.718
4.003;34918.2302199074;7.7181
5.095;34918.2302546296;7.718
5.989;34918.2303009259;7.7179
6.96;34918.2303356481;7.7176
7.997;34918.2303587963;7.7173
8.917;34918.2304398148;7.717
9.961;34918.2305787037;7.7143
11.048;34918.2306018519;7.7117
12.006;34918.2306365741;7.7072
12.967;34918.2306828704;7.6843
13.994;34918.2307175926;7.6692
14.97;34918.2307407407;7.6703
15.929;34918.230775463;7.6769
16.997;34918.2308217593;7.6846
17.809;34918.2308449074;7.6891
19.22;34918.2310185185;7.7038
19.983;34918.2310416667;7.6968
20.97;34918.2310648148;7.7231
22.021;34918.2311226852;7.7474
23.067;34918.2311458333;7.7844
24.017;34918.2311805556;7.7784
25.023;34918.2312268519;7.8528
26.006;34918.2312615741;7.894
26.949;34918.2312847222;7.9915
28.01;34918.2313194444;8.0551
28.996;34918.2313657407;8.1641
29.913;34918.2313888889;8.2214
30.99;34918.2314236111;8.172
32.055;34918.2314699074;8.1693
33.04;34918.2315046296;8.2045
33.999;34918.2315277778;8.2362
34.822;34918.2315625;8.2273
35.944;34918.2316087963;8.4942
36.918;34918.2316319444;8.582
38.287;34918.2318287037;9.3011
38.974;34918.2318518519;9.6733
40.003;34918.2318865741;10.9468
41.051;34918.2319097222;11.4699
41.98;34918.2319444444;11.5347
42.935;34918.2319907407;11.6296
43.904;34918.2321296296;11.6561
1.362;35002.6672916667;7.5147
2.059;35002.6673148148;7.5148
2.978;35002.667349537;7.5147
3.997;35002.6673726852;7.5148
5.009;35002.6674189815;7.5148
6.001;35002.6674305556;7.5148
7.007;35002.6674768518;7.5148
8.002;35002.6675115741;7.5147
9.009;35002.6675347222;7.5145
9.998;35002.6675694444;7.5144
10.878;35002.6676157407;7.5144
12.006;35002.6676388889;7.5144
13.007;35002.6676736111;7.5146
13.817;35002.6677199074;7.5151
14.993;35002.6677546296;7.5192
15.993;35002.6677777778;7.5284
17.006;35002.6678356481;7.5356
18.035;35002.6678587963;7.5407
18.977;35002.6678935185;7.5457
20.019;35002.6679398148;7.549
21.008;35002.667974537;7.5502
21.971;35002.6679976852;7.5511
23.005;35002.6680439815;7.5514
24.05;35002.6680787037;7.5549
24.992;35002.6681018519;7.5589
26;35002.6681365741;7.5602
26.995;35002.6681828704;7.5609
27.967;35002.6682175926;7.5695
29.004;35002.6682407407;7.6177
29.977;35002.668275463;7.6731
30.992;35002.6683217593;7.6881
32.021;35002.6683449074;8.2059
32.957;35002.6683796296;12.951
34.003;35002.6684259259;15.1691
34.978;35002.6684606482;16.364901
36.005;35002.6684837963;16.833599
37.004;35002.6685185185;16.939301
38.009;35002.6685416667;17.0835
38.985;35002.668587963;17.282801
39.933;35002.6686226852;17.345699
40.987;35002.6686458333;17.685699
42.046;35002.6686805556;18.1425
42.985;35002.6687268519;18.402399
44.031;35002.6687615741;18.7801
45.004;35002.6687847222;19.2313
45.706;35002.6688078704;19.4722
1.391;35002.687650463;7.518
2.072;35002.6877199074;7.518
2.977;35002.6877546296;7.5181
4.003;35002.6877777778;7.5181
4.992;35002.6878125;7.518
6;35002.6878587963;7.5178
6.994;35002.6878935185;7.5179
7.994;35002.6879166667;7.5185
8.994;35002.687962963;7.519
9.995;35002.6879976852;7.5197
10.983;35002.6880208333;7.5198
11.981;35002.6880555556;7.5199
13;35002.6881018519;7.524
13.985;35002.6881365741;7.5443
15.006;35002.6881597222;7.5462
16;35002.6881944444;7.544
16.998;35002.6882407407;7.5414
18.001;35002.6882638889;7.5409
19.001;35002.6882986111;7.5412
19.997;35002.6883449074;7.5414
20.994;35002.6883796296;7.5429
22.003;35002.6884027778;7.5433
23.002;35002.6884375;7.5436
23.978;35002.6884837963;7.5446
25.009;35002.6885185185;7.5472
26.001;35002.6885416667;7.5532
26.979;35002.6885648148;7.5625
28.018;35002.688599537;7.5708
29.025;35002.6886458333;7.6145
29.982;35002.6886805556;7.6642
30.977;35002.6887037037;7.6785
32.015;35002.68875;8.6315
32.964;35002.6887615741;13.8289
34.024;35002.6888078704;15.5221
35.008;35002.6888425926;16.5292
35.724;35002.6888425926;16.810101
1.943;35072.4933449074;8.0006
2.981;35072.4933449074;8.0006
3.971;35072.4933449074;8.0005
5.009;35072.4933449074;8.0012
5.931;35072.4933449074;8.0013
6.892;35072.4933449074;8.0014
8.02;35072.4933449074;8.0017
9.147;35072.4933449074;8.0033
10.086;35072.4933449074;8.0042
11.115;35072.4933449074;8.005
12.025;35072.4933449074;8.0056
13.087;35072.4933449074;8.0069
13.99;35072.4933449074;8.0095
14.906;35072.4933449074;8.0132
16.026;35072.4933449074;8.0201
16.891;35072.4933449074;8.0222
18.007;35072.4933449074;8.0282
18.955;35072.4933449074;8.0295
19.955;35072.4933449074;8.0323
21.07;35072.4933449074;8.0357
22.136;35072.4933449074;8.0387
22.872;35072.4933449074;8.0398
24.059;35072.4933449074;8.0409
24.979;35072.4933449074;8.0412
26.012;35072.4933449074;8.0454
27.014;35072.4933449074;8.074
28.164;35072.4933449074;8.1727
28.955;35072.4933449074;8.2155
29.985;35072.4933449074;8.2928
30.763;35072.4933449074;8.3839
32.009;35072.4933449074;8.4487
32.983;35072.4933449074;8.5648
33.946;35072.4933449074;8.6834
35.088;35072.4933449074;8.9174
36.046;35072.4933449074;9.261
37.001;35072.4933449074;9.7643
38.001;35072.4933449074;10.694
39.118;35072.4933449074;13.1163
39.922;35072.4933449074;13.45
40.961;35072.4933449074;13.5674
42.063;35072.4933449074;13.6485
42.844;35072.4933449074;13.7034
44.15;35072.4933449074;14.1632
44.742;35072.4933449074;14.4104
1.322;35109.9850578704;7.6983
2.009;35109.9850925926;7.6984
2.984;35109.9851157407;7.6983
4.014;35109.985150463;7.6984
4.991;35109.9851967593;7.6983
6.028;35109.9852199074;7.6984
6.988;35109.9852546296;7.6983
7.996;35109.9853009259;7.6982
9.004;35109.9853356481;7.6983
10.005;35109.9853587963;7.6982
11;35109.9853935185;7.6982
11.993;35109.9854398148;7.6982
12.992;35109.985474537;7.6982
14.019;35109.9854976852;7.6982
14.988;35109.9855439815;7.6983
16.001;35109.9855787037;7.6983
17.007;35109.9856018519;7.6984
18.018;35109.9856365741;7.6985
18.999;35109.9856828704;7.6985
20.002;35109.9857175926;7.6986
21.018;35109.9857407407;7.6987
21.995;35109.985775463;7.6987
23.003;35109.9858217593;7.6987
23.982;35109.9858449074;7.6987
25.018;35109.9858796296;7.6988
25.974;35109.9859259259;7.699
27.001;35109.9859606481;7.699
27.978;35109.9859837963;7.699
28.98;35109.9860185185;7.6992
29.977;35109.9860648148;7.6995
30.992;35109.986099537;7.7
32.009;35109.9861226852;7.7003
33;35109.9861689815;7.7017
33.999;35109.9862037037;7.7066
35.026;35109.9862268519;7.7259
35.99;35109.9862615741;7.826
37.028;35109.9862847222;9.1921
37.998;35109.9863194444;11.6445
39.018;35109.9863657407;14.73
39.99;35109.9863888889;15.1704
41.013;35109.9864236111;15.7082
42.025;35109.9864699074;16.4751
42.979;35109.9865046296;16.7519
44.004;35109.9865277778;17.2386
44.996;35109.9865625;17.8186
46;35109.9865856481;17.947599
46.622;35109.9866087963;18.034599
1.246;35149.1347106481;7.7342
1.787;35149.1347685185;7.7342
3.032;35149.134837963;7.7341
4.061;35149.1348726852;7.734
4.932;35149.1348958333;7.7339
5.956;35149.1349537037;7.7337
7.085;35149.135;7.7344
8.02;35149.1350115741;7.7342
9.002;35149.1350578704;7.7333
9.934;35149.1350925926;7.733
10.928;35149.1351388889;7.733
12.027;35149.1351967593;7.7382
13.043;35149.1352199074;7.7493
14.02;35149.1352546296;7.7699
15.014;35149.1353009259;7.8051
16.096;35149.1353356481;7.8287
16.928;35149.1353819444;7.8599
17.98;35149.1354166667;7.8747
19.149;35149.135474537;7.878
20.008;35149.1354976852;7.8806
20.982;35149.1355439815;7.8905
21.95;35149.1355555556;7.8949
22.982;35149.135625;7.9055
23.965;35149.1356365741;7.9115
25.011;35149.1356828704;7.9252
26.034;35149.1357175926;7.9422
27.036;35149.1357638889;8.3553
28.084;35149.1357986111;8.8048
28.984;35149.1358449074;9.3604
29.993;35149.1358796296;10.2449
30.939;35149.1359259259;10.857
31.889;35149.1359606481;11.0982
33.048;35149.1360069444;11.4583
34.081;35149.1360416667;11.6614
35.094;35149.136087963;11.8838
36.008;35149.1361226852;12.0156
36.943;35149.1361458333;12.1619
37.963;35149.1361805556;12.3678
39.051;35149.13625;12.6113
40.024;35149.1362615741;12.769
40.985;35149.1363078704;12.9374
41.985;35149.1363425926;12.9568
43.006;35149.1364467593;12.9924
43.967;35149.1365856481;13.0385
45.204;35149.1369675926;13.5207
45.516;35149.1369675926;13.7576
1.004;35149.1531365741;7.7172
2.008;35149.1531828704;7.7169
3.015;35149.1532175926;7.7166
3.963;35149.1532638889;7.7162
5.052;35149.1532986111;7.715
6.049;35149.1533449074;7.7121
7.014;35149.1533796296;7.7114
8.026;35149.1534375;7.7109
9.033;35149.1534606482;7.7107
10.066;35149.1535069444;7.7106
10.87;35149.1535416667;7.7105
11.992;35149.153587963;7.7106
13.105;35149.1536226852;7.7166
13.96;35149.1536458333;7.775
14.954;35149.1536805556;7.8123
15.974;35149.1537268519;7.8389
17.059;35149.1537847222;7.8571
18.014;35149.1538078704;7.8714
18.99;35149.1538425926;7.8752
19.943;35149.1538888889;7.8807
21.083;35149.1539236111;7.8938
21.999;35149.1539699074;7.9085
22.893;35149.1540046296;7.9175
24.052;35149.1540509259;7.9193
24.997;35149.1540856482;7.9273
25.816;35149.1541087963;7.9404
26.966;35149.1541666667;8.2157
28.057;35149.1541898148;8.7101
29.042;35149.154224537;9.6684
30.111;35149.1542708333;10.2532
30.978;35149.1543055556;10.9375
32.022;35149.1543518519;11.3403
33.003;35149.1543865741;11.4803
33.895;35149.1544097222;11.6512
34.892;35149.1544675926;11.8377
35.944;35149.1544907407;11.9607
36.995;35149.1545486111;12.0917
37.942;35149.1545717593;12.2745
38.974;35149.1546064815;12.6367
40.056;35149.1546527778;12.779
41.117;35149.1546875;12.9127
41.994;35149.1547337963;12.9723
42.63;35149.1547569444;12.9854
0.987;35198.4946296296;7.547
1.943;35198.4946875;7.548
3.01;35198.4947337963;7.5461
4.016;35198.4947685185;7.5476
5.008;35198.4947916667;7.569
5.981;35198.494849537;7.5847
7.005;35198.4948726852;7.5935
7.978;35198.4949189815;7.6007
9.002;35198.4949537037;7.6515
9.999;35198.4949768518;7.6913
10.948;35198.4950115741;7.7564
12.003;35198.4950578704;7.7889
13.04;35198.4950925926;7.7998
13.99;35198.4951388889;7.8028
15.009;35198.4951736111;7.8097
16.02;35198.4951967593;7.824
16.994;35198.4952314815;7.837
17.939;35198.4952777778;7.8487
18.982;35198.4953125;7.8946
20.078;35198.4953587963;7.9314
21.002;35198.4953935185;7.9456
21.948;35198.4954166667;7.9619
23.03;35198.495462963;8.0172
24.072;35198.4954976852;8.0673
25.004;35198.4955208333;8.1228
25.984;35198.4955555556;8.2308
26.987;35198.4956018518;8.955
27.988;35198.4956365741;9.3908
28.951;35198.4956597222;9.8324
30;35198.4957175926;10.3421
30.913;35198.4957407407;10.7744
32.006;35198.495775463;11.2661
32.953;35198.4958217593;11.4904
34.005;35198.4958449074;11.8286
35.012;35198.4958796296;12.4232
36.014;35198.4959375;13.697
37.133;35198.4959606481;14.403
37.989;35198.4960069444;14.8682
39.069;35198.4960416667;15.2685
39.98;35198.4960648148;15.5575
41.123;35198.4961226852;15.99
41.992;35198.4961458333;16.0776
43.101;35198.4961805556;16.136999
43.954;35198.4962037037;16.198799
45.046;35198.4963425926;16.632999
45.619;35198.4963425926;17.023701
1.431;35198.4990277778;7.5405
1.991;35198.4990509259;7.5399
3.006;35198.4990625;7.54
4.003;35198.4991087963;7.546
4.992;35198.4991435185;7.5869
6.024;35198.4991666667;7.5978
6.981;35198.499212963;7.6074
7.987;35198.4992476852;7.6695
8.988;35198.4992708333;7.6852
10.003;35198.4993055556;7.7486
10.989;35198.4993518519;7.7788
11.976;35198.4993865741;7.7912
13.012;35198.4994097222;7.7987
13.986;35198.4994444444;7.8009
14.985;35198.4994907407;7.8115
15.988;35198.4995138889;7.8284
17.005;35198.4995486111;7.8388
17.968;35198.4995949074;7.8673
18.992;35198.4996296296;7.9195
20.01;35198.4996759259;7.9334
21.014;35198.4997106481;7.947
22.001;35198.4997337963;7.9584
23.006;35198.4997685185;7.9878
24.042;35198.4998148148;8.0448
25.002;35198.499849537;8.131
26.003;35198.4998726852;8.22
26.988;35198.4999189815;9.0429
28.02;35198.4999537037;9.4408
29.017;35198.4999768519;9.8843
30.008;35198.5000115741;10.3542
30.982;35198.5000578704;10.7953
32.017;35198.5000925926;11.2854
32.99;35198.5001157407;11.5303
34.01;35198.500150463;11.8656
35.003;35198.5001967593;12.6673
36.023;35198.5002199074;13.8558
36.98;35198.5002546296;14.4662
37.993;35198.5003009259;14.9205
39.015;35198.5003356481;15.2871
40.006;35198.5003587963;15.5759
40.985;35198.5003935185;15.9504
41.981;35198.5004398148;16.1054
42.958;35198.500474537;16.132299
44.319;35198.5006018519;16.663099
44.666;35198.500625;16.689899
1.109;35198.5194675926;7.5545
2.017;35198.5194907407;7.5645
3.027;35198.519525463;7.5764
4.003;35198.5195717593;7.5897
4.998;35198.5195949074;7.5994
6.002;35198.5196296296;7.6087
7.008;35198.5196875;7.6669
7.985;35198.5197106482;7.7454
8.998;35198.5197569444;7.7888
9.981;35198.5197916667;7.7975
10.986;35198.5198148148;7.8046
12.008;35198.519849537;7.8076
12.987;35198.5198958333;7.8104
14.009;35198.5199305556;7.8212
14.985;35198.5199537037;7.8283
16.013;35198.52;7.8326
16.992;35198.5200347222;7.8428
18.006;35198.5200578704;7.8554
19.025;35198.5201157407;7.8627
19.984;35198.5201388889;7.8753
20.985;35198.5201736111;7.9075
21.976;35198.5202199074;7.9656
22.99;35198.5202546296;7.9716
24;35198.5202777778;8.0102
24.994;35198.5203125;8.1316
25.997;35198.5203587963;8.3575
27.008;35198.5203935185;8.9108
27.99;35198.5204166667;9.2905
28.991;35198.520462963;9.8004
29.993;35198.5204976852;10.3961
31.012;35198.5205208333;10.8207
31.986;35198.5205555556;11.2051
33.02;35198.5206018519;11.418
34.021;35198.5206365741;11.6951
35.021;35198.5206828704;12.3364
35.993;35198.5207175926;13.548
36.99;35198.5207407407;14.3844
38.002;35198.520775463;14.999
38.995;35198.5208217593;15.3265
39.991;35198.5208449074;15.7174
40.999;35198.5208796296;16.042101
42.008;35198.5209259259;16.1481
42.999;35198.5209606482;16.245501
43.877;35198.5209837963;16.505501
44.775;35198.521087963;16.8533
1.348;35282.7736458333;7.3688
1.932;35282.7736689815;7.3687
2.942;35282.7737037037;7.3687
3.976;35282.7737384259;7.3687
5.163;35282.7738078704;7.3687
6.218;35282.7738425926;7.3687
6.577;35282.7738657407;7.3687
8.138;35282.7739236111;7.368
9.036;35282.7739467593;7.3662
9.995;35282.7740046296;7.363
11.063;35282.7740277778;7.3608
12.004;35282.7740625;7.3619
13.009;35282.7741087963;7.3265
13.987;35282.7741435185;7.3022
14.977;35282.7741898148;7.3113
16.04;35282.774224537;7.314
16.973;35282.7742708333;7.3116
17.985;35282.7743055556;7.3091
18.934;35282.7743287037;7.3687
19.985;35282.7743865741;7.5333
21.104;35282.7744097222;7.6822
22.007;35282.7744444444;7.7448
22.818;35282.7744907407;7.7737
23.977;35282.774525463;7.7712
25.108;35282.7745717593;7.7889
26.027;35282.7746064815;7.8102
26.873;35282.7746296296;7.87
27.958;35282.7746875;8.0161
29.075;35282.7747337963;8.2871
29.944;35282.7747569444;8.7173
31.042;35282.7747916667;9.3351
31.92;35282.774837963;9.5039
32.918;35282.7748726852;9.7816
34.119;35282.7749189815;10.2069
35.075;35282.7749537037;10.8105
35.894;35282.7749768519;10.9356
36.978;35282.7750115741;11.3287
38.135;35282.7750578704;11.871
39.111;35282.7750925926;12.4109
40.011;35282.7751388889;12.7315
40.928;35282.7751736111;13.4636
42.003;35282.7751967593;13.634
42.97;35282.7752546296;13.8367
43.864;35282.7752777778;14.0248
45.061;35282.7753125;14.8547
46.115;35282.7753587963;15.6409
46.69;35282.7753935185;16.5058
11.425;35282.7855787037;7.3974
12.438;35282.785625;7.4685
12.906;35282.7856365741;7.4769
14.117;35282.7856828704;7.5834
14.864;35282.7856944444;7.7713
15.981;35282.7857407407;7.7064
17.086;35282.785775463;7.604
17.974;35282.7857986111;7.58
18.973;35282.7858449074;7.448
19.989;35282.7858796296;7.6326
21.147;35282.7860185185;7.7351
21.974;35282.7860648148;7.78
23.022;35282.786099537;7.7729
23.984;35282.7861226852;7.7884
25.018;35282.7861458333;7.7997
25.958;35282.7861805556;7.8767
27.061;35282.7862037037;7.9937
27.927;35282.7862268519;8.1238
29.034;35282.7862615741;8.511
29.977;35282.7862847222;8.9672
31.015;35282.7863194444;9.3902
32.006;35282.7863425926;9.4623
32.985;35282.7863657407;9.8388
33.99;35282.786400463;10.4102
34.987;35282.7864236111;10.8009
35.929;35282.7864467593;10.9738
37.009;35282.7864814815;11.2039
38.115;35282.7865277778;11.7801
38.892;35282.7865277778;12.2594
40.053;35282.7865625;12.5904
40.96;35282.7865856482;13.2985
42.009;35282.7866087963;13.6301
43.008;35282.7866435185;13.7659
43.908;35282.7866666667;13.928
45.153;35282.786712963;14.8892
45.955;35282.786724537;15.4168
2.179;35282.7920138889;7.3593
3.12;35282.7921296296;7.3547
5.314;35282.7923148148;7.3541
6.161;35282.792349537;7.357
6.692;35282.7923726852;7.3585
8.044;35282.7925;7.3693
9.043;35282.7925347222;7.3677
10.022;35282.7926157407;7.3666
10.973;35282.7926736111;7.3609
12.016;35282.7927199074;7.3602
13.011;35282.7927546296;7.3561
13.965;35282.7927777778;7.3493
15.034;35282.7928009259;7.339
15.956;35282.7928125;7.3088
17.026;35282.7928356481;7.2935
17.989;35282.7928587963;7.2991
18.998;35282.7928935185;7.3656
20.261;35282.7930208333;7.5677
20.987;35282.7930439815;7.7128
22.006;35282.7930555556;7.7687
23.008;35282.7930787037;7.7887
24.004;35282.7931018519;7.8028
25.01;35282.793125;7.8156
25.994;35282.7931365741;7.8477
27.009;35282.7931597222;7.9627
28.001;35282.7931828704;8.1009
28.999;35282.7931944444;8.3871
30.049;35282.7932986111;8.858
30.969;35282.7934027778;9.288
32.024;35282.7934375;9.3966
32.98;35282.7934606482;9.7423
33.998;35282.7935069444;10.3312
34.983;35282.7935185185;10.8608
36.004;35282.7935416667;10.9633
37.002;35282.7935648148;11.1451
38.047;35282.793599537;11.6565
38.991;35282.7936458333;12.3795
39.995;35282.7936805556;12.7041
41.004;35282.7937037037;13.4806
41.99;35282.79375;13.6085
43.234;35282.7938078704;13.8479
43.919;35282.7938194444;14.1106
44.842;35282.7938425926;14.5593
46.139;35282.7939699074;15.2333
3.835;35369.2724189815;7.472
5.02;35369.2725115741;7.4718
5.582;35369.2725115741;7.4718
6.888;35369.2725694444;7.4718
8.14;35369.2726388889;7.4715
9.064;35369.272650463;7.4714
10.074;35369.2726967593;7.4718
11.03;35369.2727199074;7.4717
12.078;35369.2727777778;7.4717
12.913;35369.2728009259;7.4717
13.952;35369.2728356481;7.4714
15.004;35369.2728819444;7.4713
16.032;35369.2729166667;7.4715
17.105;35369.272962963;7.4717
17.899;35369.272974537;7.4718
19.184;35369.2730439815;7.473
20.067;35369.2730555556;7.4732
21.132;35369.2731018519;7.4735
22.006;35369.273125;7.4733
22.944;35369.2731597222;7.4741
23.981;35369.2731828704;7.4789
24.814;35369.2732175926;7.4819
26.256;35369.273275463;7.5688
26.989;35369.2732986111;9.6458
28.012;35369.2733217593;11.0994
29.026;35369.2733564815;11.8849
30.089;35369.2734027778;12.7263
30.916;35369.2734375;13.4124
31.98;35369.2734606481;13.7257
33.072;35369.2735185185;13.8467
34.007;35369.2735416667;13.9469
35;35369.2735648148;13.9938
36.19;35369.2736226852;14.0167
37.091;35369.2736458333;14.0461
37.882;35369.2736805556;14.0742
38.971;35369.2737268519;14.2123
40.045;35369.2737615741;14.3117
40.875;35369.2737847222;14.4547
41.934;35369.2738425926;14.8568
43.015;35369.2738888889;14.9184
43.889;35369.2739467593;14.9318
3.493;35369.2810185185;7.4622
3.909;35369.2810648148;7.4622
5.1;35369.2811226852;7.4616
5.971;35369.2811689815;7.4615
6.968;35369.2812037037;7.4613
7.94;35369.28125;7.4613
9.017;35369.2812847222;7.4613
9.999;35369.2813078704;7.4614
11.031;35369.2813425926;7.4616
12.066;35369.281400463;7.4617
13.027;35369.2814236111;7.4617
14.131;35369.2814699074;7.4616
14.942;35369.2814814815;7.4615
15.936;35369.2815509259;7.4614
16.742;35369.2815625;7.4613
18.043;35369.2816087963;7.4614
19.065;35369.2816435185;7.4618
19.985;35369.2816898148;7.4632
21.156;35369.2817476852;7.4647
22.028;35369.2817708333;7.4659
23.034;35369.2818055556;7.4669
24.026;35369.2818287037;7.4677
25.006;35369.2818865741;7.4754
26.025;35369.2819097222;7.7212
27.048;35369.2819444444;9.7501
28.019;35369.2819675926;11.0634
28.679;35369.2819907407;12.025
29.941;35369.2820486111;12.6302
30.921;35369.2820717593;13.1807
32.109;35369.2821296296;13.6676
33.025;35369.2821296296;13.796
34.082;35369.2821875;13.9881
34.999;35369.2822106481;14.0204
36.158;35369.2822685185;14.0469
37.038;35369.2822685185;14.0688
38.098;35369.2823148148;14.1272
39.044;35369.282349537;14.2283
40.126;35369.2823958333;14.3459
40.874;35369.2823958333;14.7159
42.005;35369.2824537037;14.9326
43.089;35369.2825;14.9607
43.879;35369.2825115741;14.9683
1.991;35442.503599537;7.9031
2.965;35442.5036689815;7.9146
3.901;35442.5037268518;7.9154
5.047;35442.50375;7.9156
6.067;35442.5037847222;7.9154
6.908;35442.5038078704;7.9153
7.937;35442.5038425926;7.9162
8.991;35442.5038657407;7.9163
10.017;35442.5038888889;7.9161
10.975;35442.5039236111;7.9163
11.995;35442.5039467593;7.918
12.983;35442.5039814815;7.9189
14.044;35442.5040277778;7.9187
15.087;35442.5040625;7.9186
16.02;35442.5040856482;7.9194
16.777;35442.5040856482;7.9194
17.982;35442.5041435185;7.9206
18.952;35442.5041666667;7.9218
20.158;35442.504212963;7.9281
20.878;35442.504224537;7.9311
22.296;35442.5042708333;7.933
23.016;35442.5042939815;7.9327
23.857;35442.5043055556;7.9324
25.024;35442.5043518519;7.9321
25.911;35442.504375;7.9322
27.003;35442.5044097222;7.9417
27.954;35442.5044328704;7.9514
28.983;35442.5044675926;7.9591
29.972;35442.5044907407;7.9731
30.991;35442.504525463;7.9992
31.977;35442.5045486111;8.0212
32.973;35442.5045949074;8.0201
33.904;35442.5046064815;8.039
34.971;35442.5046527778;8.0461
35.952;35442.5046759259;8.0815
37.002;35442.5047106482;8.1154
37.986;35442.5047337963;8.1473
38.984;35442.5047685185;8.24
39.885;35442.5047916667;8.2831
40.954;35442.504837963;8.4317
41.973;35442.504849537;9.238
42.965;35442.5048958333;11.5849
43.86;35442.5048958333;13.8367
44.686;35442.5049305556;15.4562
45.7;35442.5050694444;18.081301
5.077;35469.5735185185;8.0098
6.011;35469.573587963;8.0097
7.006;35469.573599537;8.0095
7.995;35469.5736458333;8.0092
9.054;35469.5736689815;8.0089
10.09;35469.5737037037;8.0078
10.983;35469.5737268518;8.0074
11.965;35469.5737615741;8.0069
12.955;35469.5737847222;8.0065
14.052;35469.5738078704;8.0063
15.057;35469.5738425926;8.006
16.015;35469.5738657407;8.0058
16.916;35469.5738888889;8.0055
17.998;35469.5739236111;8.0051
19.029;35469.5739467593;8.0048
20.006;35469.5739699074;8.0046
21.216;35469.5740046296;8.0053
22.027;35469.5740277778;8.0057
23.15;35469.5740625;8.0081
23.936;35469.5740625;8.009
25.217;35469.5741087963;8.0101
25.873;35469.5741319444;8.0102
27.083;35469.5741666667;8.0104
27.964;35469.5741666667;8.0108
29.234;35469.574212963;8.0112
29.871;35469.574224537;8.0115
31.109;35469.5742708333;8.0119
32.02;35469.5742939815;8.5005
32.962;35469.5743055556;9.987
33.752;35469.5743287037;10.6955
35.054;35469.574375;11.3426
35.839;35469.5743865741;11.9593
36.95;35469.5744097222;12.8055
37.802;35469.5744328704;13.1379
38.968;35469.5744675926;13.6564
39.77;35469.5744907407;14.4485
41.012;35469.574525463;14.9223
41.997;35469.5745486111;15.0802
43.002;35469.5745717593;15.1207
44.003;35469.5745949074;15.1677
44.999;35469.5746296296;15.2719
45.65;35469.5746296296;15.3145
5.119;35469.5933564815;8.0024
5.991;35469.5934606481;8.0024
6.971;35469.5934837963;8.0027
8.021;35469.5935185185;8.0027
9.015;35469.5935416667;8.002
10.059;35469.593587963;8.0003
10.932;35469.593599537;7.9998
11.998;35469.5936458333;7.9997
12.926;35469.5936689815;7.9999
13.961;35469.5937037037;8.0003
14.828;35469.5937268519;8.0003
15.972;35469.5937615741;8.0005
17.008;35469.5937847222;8.0017
17.8;35469.5938078704;8.0021
18.965;35469.5938657407;8.0016
19.855;35469.5938657407;8.0009
20.997;35469.593900463;7.9999
21.96;35469.5939467593;7.9995
22.767;35469.5939467593;7.9993
23.98;35469.5940046296;8.0001
25.029;35469.5940277778;8.0003
26.012;35469.5940509259;8.0008
26.989;35469.5940856481;8.0026
27.864;35469.5941087963;8.0057
29.133;35469.5941435185;8.009
30.033;35469.5941666667;8.0101
30.805;35469.5941898148;8.0151
32.034;35469.594224537;8.9141
32.978;35469.5942476852;10.3599
34.431;35469.5943055556;10.9551
34.983;35469.5943055556;11.6011
35.888;35469.5943287037;12.3787
37.18;35469.594375;13.0428
37.815;35469.5943865741;13.2303
39.062;35469.5944097222;13.9991
40.004;35469.5944328704;14.6984
41.157;35469.5944675926;15.0187
41.934;35469.5944907407;15.0584
43.16;35469.594525463;15.0981
43.782;35469.5945486111;15.1169
44.981;35469.5945949074;15.2629
45.643;35469.5945949074;15.2972
3.114;35471.9774189815;7.9432
4.005;35471.9774537037;7.943
4.953;35471.9774768519;7.9421
5.976;35471.9775115741;7.9399
6.989;35471.9775347222;7.9397
7.994;35471.9775694444;7.9399
9.032;35471.9776157407;7.9397
10.068;35471.9776388889;7.9361
10.964;35471.9776736111;7.9358
12.006;35471.9777199074;7.936
12.784;35471.9777199074;7.9364
14.049;35471.9777777778;7.9365
14.862;35471.9778009259;7.9365
15.966;35471.9778356481;7.9365
16.933;35471.9778587963;7.9362
17.984;35471.9778935185;7.9361
18.957;35471.9779166667;7.936
19.999;35471.977974537;7.9359
21.006;35471.9779976852;7.9361
21.989;35471.9780208333;7.9368
23.109;35471.9780555556;7.9435
24.02;35471.9780787037;7.9641
24.936;35471.9781018519;7.9881
26.005;35471.9781365741;8.0107
27.103;35471.9781828704;8.0134
28.011;35471.9781944444;8.0402
29.129;35471.9782407407;8.0767
30.014;35471.9782638889;8.1285
31.18;35471.9782986111;8.3443
32.006;35471.9783217593;8.5249
32.856;35471.9783449074;8.6605
33.996;35471.9783796296;9.3963
34.957;35471.9784027778;10.1309
36.004;35471.9784375;11.2645
36.838;35471.9784606481;11.5573
38;35471.9785069444;11.8055
39.056;35471.9785416667;12.4246
39.899;35471.9785648148;13.3208
41.084;35471.978599537;14.0108
41.971;35471.9786226852;14.5781
42.929;35471.9786458333;14.9212
44.008;35471.97875;15.2524
44.967;35471.9788425926;15.4033
45.763;35471.9788657407;15.7542
4.491;35483.8660185185;7.8867
4.958;35483.8660185185;7.8867
6.076;35483.8660648148;7.8871
6.906;35483.866099537;7.8873
8.064;35483.8661458333;7.8879
9.012;35483.8661805556;7.8882
9.919;35483.8662037037;7.8888
10.998;35483.86625;7.8897
11.999;35483.8662847222;7.8902
13.03;35483.8663078704;7.8904
13.889;35483.8663425926;7.891
15.04;35483.8663888889;7.8919
16.018;35483.8664236111;7.8919
17.027;35483.8664467593;7.8916
18.078;35483.8664814815;7.8909
18.976;35483.8665046296;7.8902
19.99;35483.8665625;7.8895
20.995;35483.8665856481;7.8919
22.03;35483.8666319444;7.8983
23.258;35483.8666666667;7.9083
23.966;35483.8666898148;7.9151
25.19;35483.866724537;7.9221
25.876;35483.8667476852;7.9228
27.037;35483.8668055556;7.9305
27.955;35483.8668287037;7.932
28.865;35483.8668518519;7.9465
29.991;35483.8668865741;12.041
31.028;35483.8669328704;14.2261
32.034;35483.8669675926;14.5631
33.155;35483.8669907407;14.989
33.999;35483.8670138889;15.366
35.027;35483.8670486111;15.9488
35.991;35483.8670949074;16.1266
37.045;35483.8671296296;16.132799
38.017;35483.8671527778;16.1549
39.025;35483.8671875;16.309299
40.072;35483.8672337963;16.3463
40.939;35483.8672685185;16.355499
42.144;35483.8673148148;16.4554
43.004;35483.867337963;16.4641
44.141;35483.8673958333;16.649
45.03;35483.8673958333;17.1471
46.016;35483.8674537037;17.35
46.583;35483.8674537037;17.475599
1.982;35513.2367708333;7.5793
2.812;35513.2368287037;7.5791
4.099;35513.2368865741;7.579
5.082;35513.2369328704;7.5789
6.007;35513.2369907407;7.5792
7.049;35513.2370486111;7.5797
7.996;35513.2370949074;7.5802
8.992;35513.2371296296;7.5806
10.002;35513.2371875;7.5803
10.921;35513.2372337963;7.58
11.968;35513.2372916667;7.5802
12.956;35513.237337963;7.5814
13.937;35513.2373726852;7.5815
15.063;35513.2374305556;7.5815
15.938;35513.2374768518;7.5819
17.111;35513.2375347222;7.582
18.089;35513.2375925926;7.5819
19.017;35513.2376388889;7.5822
19.962;35513.2376967593;7.5836
20.921;35513.2377314815;7.5841
21.984;35513.2378009259;7.5859
22.935;35513.2378356481;7.587
24.008;35513.2378935185;7.5875
25.071;35513.2379398148;7.5884
26.037;35513.2379976852;7.5892
26.949;35513.2380439815;7.5903
28.017;35513.2380787037;7.5932
28.983;35513.2381365741;7.5952
29.973;35513.2381828704;7.5984
30.975;35513.2382407407;7.6184
31.955;35513.238275463;9.0182
33.008;35513.2383449074;11.2446
33.995;35513.2384027778;11.6146
34.961;35513.2384375;11.9076
36.073;35513.2385069444;12.3307
36.91;35513.2385416667;12.8918
37.904;35513.238599537;13.3537
38.961;35513.2386458333;13.7455
40.032;35513.2387037037;13.9166
41.072;35513.2387615741;14.1065
42.044;35513.2388078704;14.4566
42.955;35513.2388425926;15.1924
44.024;35513.2388888889;15.8591
44.925;35513.2389467593;17.309099
2.099;35555.1350925926;7.7609
2.971;35555.1351388889;7.7626
4.135;35555.1351736111;7.7625
5.046;35555.1352199074;7.7657
5.88;35555.1352546296;7.7687
7.047;35555.1353009259;7.7701
8.116;35555.1353356481;7.7716
8.97;35555.1353587963;7.7744
9.909;35555.1353935185;7.7801
11.122;35555.135462963;7.7918
12.062;35555.1354976852;7.7924
12.969;35555.1355208333;7.7935
14.007;35555.1355555556;7.7956
14.96;35555.1356018518;7.8004
15.887;35555.1356365741;7.8037
17.037;35555.1356828704;7.8071
18.143;35555.1357175926;7.8092
19.02;35555.1357638889;7.8119
19.883;35555.1357986111;7.8282
20.877;35555.1358449074;7.8504
22.067;35555.1358796296;7.8675
23.107;35555.1359259259;7.8941
23.906;35555.1359606481;7.905
24.974;35555.1360069444;7.9598
26.11;35555.1360416667;8.1458
26.969;35555.1360648148;8.199
27.887;35555.136099537;8.2573
28.988;35555.1361458333;8.2912
30.085;35555.1362037037;8.4328
31.063;35555.1362268518;8.5623
31.952;35555.1362615741;8.9611
33.01;35555.1363078704;9.8828
33.984;35555.1363425926;11.3432
34.891;35555.1363888889;12.9233
36.024;35555.1364236111;13.7946
37.087;35555.1364699074;14.4683
38.035;35555.1365046296;14.7802
38.89;35555.1365277778;15.0199
40.006;35555.1365856481;15.1483
41.112;35555.1366087963;15.5616
41.97;35555.1366435185;15.8587
42.948;35555.1366898148;16.0172
44.014;35555.136724537;16.128
44.969;35555.1367476852;16.211399
1.459;35645.6285185185;7.306
1.993;35645.6285416667;7.3045
2.992;35645.6285648148;7.2991
4.003;35645.628587963;7.294
4.994;35645.628599537;7.3047
6.011;35645.6286226852;7.2994
7;35645.6286458333;7.2988
7.999;35645.6286689815;7.3028
9.003;35645.6286805556;7.3066
10.004;35645.6287037037;7.3096
11.008;35645.6287268518;7.3184
11.989;35645.6287615741;7.3258
13.002;35645.6287847222;7.333
14.004;35645.6288078704;7.3426
15.01;35645.6288194444;7.3497
16;35645.6288425926;7.3629
17.011;35645.6288657407;7.3687
18.015;35645.6288888889;7.376
19.005;35645.628900463;7.417
19.948;35645.6289236111;7.5344
21.022;35645.6289467593;7.5625
21.967;35645.6289699074;7.5786
22.995;35645.6290046296;7.6211
23.996;35645.6290277778;7.6577
25.05;35645.6290509259;7.7046
25.996;35645.6290625;7.7231
26.991;35645.6290856482;7.7426
27.983;35645.6291087963;7.8372
29;35645.6291319444;7.8815
29.999;35645.6291435185;7.9517
30.992;35645.6291666667;8.098
31.961;35645.6291898148;8.4307
32.986;35645.629224537;8.7753
34.017;35645.6292476852;8.8332
35.032;35645.6292708333;8.9068
35.992;35645.6292939815;8.9637
36.995;35645.6293055556;9.0253
38.006;35645.6293287037;9.0825
38.742;35645.6293518519;9.0949
40.196;35645.6293865741;9.2258
40.74;35645.6293865741;9.4824
42.287;35645.6294328704;12.5551
42.889;35645.6294444444;13.5888
43.64;35645.6294675926;14.0873
1.4;35645.6425694444;7.302
2.005;35645.6425925926;7.3031
3.008;35645.6426157407;7.2929
3.998;35645.6426388889;7.2862
4.996;35645.6426736111;7.2994
5.997;35645.6426967593;7.3019
6.995;35645.6427199074;7.3027
8.007;35645.6427546296;7.306
9.009;35645.6427777778;7.3114
9.993;35645.6428125;7.3144
11.01;35645.6428356481;7.3197
12.011;35645.6428587963;7.3289
12.985;35645.6428935185;7.3372
14.013;35645.6429166667;7.3441
14.993;35645.6429398148;7.3515
15.989;35645.642962963;7.3643
17.008;35645.6429976852;7.3784
17.973;35645.6430208333;7.3883
19.002;35645.6430439815;7.426
19.975;35645.6430787037;7.5262
21.083;35645.6431018518;7.5716
21.991;35645.643125;7.5913
22.975;35645.6431365741;7.6162
23.961;35645.6431828704;7.6741
24.992;35645.6431944444;7.7102
25.953;35645.6432175926;7.7301
27.002;35645.6432638889;7.7739
27.968;35645.643275463;7.8241
28.97;35645.6432986111;7.8961
29.985;35645.6433449074;7.967
30.999;35645.6433564815;8.1332
31.978;35645.6433796296;8.5103
32.991;35645.6434027778;8.8071
33.989;35645.6434375;8.8358
34.965;35645.6434606481;8.9019
35.99;35645.6434837963;8.9793
37.008;35645.6435185185;9.0314
38.048;35645.6435416667;9.0886
38.995;35645.6435648148;9.1045
40.007;35645.643599537;9.2115
40.919;35645.6436226852;9.861
41.989;35645.6436458333;11.87
43.011;35645.6436805556;13.6881
43.826;35645.6437037037;14.1199
44.553;35645.6437268518;14.4116
46.487;35645.6438078704;14.4163
46.525;35645.6438078704;14.4162
2.33;35731.0212037037;7.7288
2.907;35731.0212615741;7.7287
3.968;35731.0212847222;7.7328
5.031;35731.0213425926;7.7346
5.895;35731.0213657407;7.7358
6.974;35731.021400463;7.7365
8.166;35731.0214467593;7.7428
8.948;35731.0214699074;7.7479
10.041;35731.0215277778;7.7629
10.99;35731.0215625;7.773
11.918;35731.0215856481;7.7775
12.899;35731.0216435185;7.783
13.924;35731.0216666667;7.9079
15.065;35731.021712963;8.0264
16.183;35731.0217476852;8.1896
16.964;35731.0217939815;8.232
17.908;35731.0218287037;8.2458
18.942;35731.0218518519;8.2549
20.112;35731.0219097222;8.2635
21.021;35731.0219328704;8.2688
21.97;35731.0219675926;8.2745
22.938;35731.0220138889;8.2782
23.891;35731.0220486111;8.2817
25.064;35731.0220949074;8.2854
26.114;35731.0221296296;8.3008
27.03;35731.0221527778;8.3438
27.937;35731.0221875;8.4242
28.948;35731.0222337963;8.5833
30.115;35731.0222685185;8.8644
31.039;35731.0223148148;9.648
31.996;35731.022349537;10.4464
33.147;35731.0223958333;11.3358
33.901;35731.0224189815;12.3725
34.962;35731.0224537037;13.407
36.113;35731.0225;14.9224
37.135;35731.0225347222;15.3054
38.049;35731.0225694444;15.711
38.924;35731.0225925926;16.384501
39.921;35731.0226388889;16.660801
41.142;35731.0226967593;16.8214
41.989;35731.0227199074;17.069099
42.843;35731.0227546296;17.459999
43.997;35731.0227777778;17.6756
45.207;35731.0228356481;18.367201
45.876;35731.0228587963;18.389299
46.889;35731.0228935185;18.393
1.184;35731.3000694444;7.797
2.041;35731.3001157407;7.7973
2.953;35731.300150463;7.7975
4.122;35731.3001967593;7.7977
5.077;35731.3002199074;7.7976
5.883;35731.3002546296;7.7975
6.987;35731.3003009259;7.7974
8.147;35731.3003356481;7.7975
8.953;35731.3003819444;7.7996
9.952;35731.3004166667;7.8131
11.131;35731.300462963;7.8293
11.929;35731.300474537;7.8623
12.989;35731.3005208333;8.0329
13.935;35731.3005555556;8.1104
15.111;35731.3006018518;8.1232
16.027;35731.3006365741;8.143
16.862;35731.3006597222;8.1695
18.031;35731.3007175926;8.2256
18.959;35731.3007407407;8.2494
20.009;35731.3007986111;8.289
21.095;35731.3008217593;8.31
21.981;35731.3008564815;8.3104
23.158;35731.3009027778;8.2982
23.98;35731.3009375;8.2914
25.06;35731.3009837963;8.2937
26.05;35731.3010185185;8.3144
26.868;35731.3010416667;8.3336
28.053;35731.301087963;8.3689
29.023;35731.3011226852;8.4156
29.935;35731.3011458333;8.5272
30.936;35731.3011805556;9.0079
32.055;35731.3012268519;10.6894
32.945;35731.3012615741;12.0177
33.812;35731.3012847222;12.5474
35.013;35731.3013425926;13.5216
35.911;35731.3013657407;14.2927
36.926;35731.301400463;14.7218
37.99;35731.3014467593;15.4394
39;35731.3014814815;16.088699
39.82;35731.3015046296;16.4737
41.048;35731.3015625;16.9585
42.192;35731.3016087963;17.2421
43.019;35731.3016435185;17.8279
43.949;35731.3016666667;18.3745
45.022;35731.301712963;18.4592
45.842;35731.301724537;18.465099
2.271;35807.4105555556;7.206
2.92;35807.4105555556;7.2058
3.977;35807.4106018519;7.2056
5.011;35807.4106365741;7.2053
5.885;35807.4106597222;7.2051
6.987;35807.4106944444;7.2049
8.025;35807.4107407407;7.2047
8.916;35807.4107638889;7.2053
10.017;35807.4107986111;7.2138
11.069;35807.4108217593;7.2353
11.897;35807.4108564815;7.4352
12.98;35807.4109027778;7.8378
14.001;35807.4109259259;7.8612
15.042;35807.4109606482;7.8929
16.018;35807.4109837963;7.9228
17.049;35807.4110185185;7.93
17.846;35807.4110416667;7.9328
19.036;35807.411087963;7.9448
20.079;35807.4111226852;7.9589
20.805;35807.4111458333;7.9705
21.945;35807.4111805556;7.9948
23.133;35807.4112268519;8.0778
24.082;35807.41125;8.1515
24.915;35807.4112847222;8.2023
26.142;35807.4113078704;8.2243
27.014;35807.4113425926;8.2312
27.842;35807.4113657407;8.2379
29.009;35807.411400463;8.2691
29.966;35807.4114236111;8.4009
30.965;35807.4114699074;8.5933
32.028;35807.4115046296;8.7954
33.012;35807.4115277778;9.0425
33.979;35807.4115625;9.5658
35.075;35807.4115856482;9.9637
35.911;35807.4116319444;10.4723
36.981;35807.4116666667;12.1897
37.989;35807.4116898148;13.7338
39.176;35807.411724537;14.8726
39.968;35807.4117476852;15.8251
40.984;35807.4117708333;16.768999
42.113;35807.4118055556;17.3489
42.816;35807.4118287037;17.5268
43.973;35807.411875;17.5469
45.184;35807.4119097222;17.550699
45.917;35807.4119328704;17.5525
1;35839.7165856482;7.6263
1.994;35839.7166435185;7.6265
2.986;35839.7166666667;7.627
3.964;35839.716712963;7.6277
4.994;35839.7167476852;7.6276
5.997;35839.7167708333;7.6278
6.996;35839.7168055556;7.6286
7.996;35839.7168287037;7.6285
8.981;35839.7168518519;7.6285
10.012;35839.7168865741;7.6286
10.978;35839.7169328704;7.6286
11.957;35839.7169444444;7.6287
12.992;35839.7169907407;7.6291
13.978;35839.7170138889;7.6294
15.012;35839.7170486111;7.6293
15.994;35839.7170717593;7.6293
16.958;35839.7170949074;7.6294
17.983;35839.7171296296;7.6294
19.078;35839.7171759259;7.6294
20.005;35839.7171875;7.6293
21.004;35839.7172337963;7.6303
21.954;35839.7172569444;7.6337
22.987;35839.7172916667;7.6345
23.886;35839.7173148148;7.6734
24.989;35839.717349537;7.8916
26.137;35839.7173726852;8.105
27.002;35839.7174189815;8.1732
28.005;35839.7174305556;8.2139
28.928;35839.7174768519;8.2717
29.854;35839.7175;8.319
30.978;35839.7175347222;8.429
32.061;35839.7175578704;8.819
32.918;35839.7175925926;9.0199
34.106;35839.7176157407;10.294
34.942;35839.717650463;11.1282
35.955;35839.7176967593;11.678
37.017;35839.7177199074;12.0144
37.846;35839.7177546296;12.3506
38.94;35839.7177777778;12.852
40.09;35839.7178356481;13.1478
41.037;35839.7178587963;13.3778
42.025;35839.7178935185;13.7175
43.079;35839.7179166667;14.3599
43.98;35839.717962963;14.9175
44.962;35839.7179976852;15.1427
45.769;35839.7180208333;16.602699
1.272;35876.2226736111;7.772
2.001;35876.2226967593;7.772
3.02;35876.2227314815;7.772
3.982;35876.2227777778;7.7721
4.998;35876.2228125;7.773
5.999;35876.2228356482;7.7741
7.001;35876.2228819444;7.7778
7.997;35876.2229166667;7.7874
9.014;35876.2229398148;7.8097
9.973;35876.222974537;7.8131
10.958;35876.2229976852;7.8198
11.994;35876.2230439815;7.8371
13.01;35876.2230787037;7.8484
14.165;35876.223125;7.856
15.007;35876.2231365741;7.8824
16.201;35876.2231828704;7.9036
16.978;35876.2232175926;7.9063
17.981;35876.2232407407;7.9368
19.005;35876.223275463;7.9443
19.91;35876.2232986111;8.1109
20.983;35876.2233449074;8.374
21.96;35876.2233796296;8.5739
23.133;35876.2234027778;8.9998
23.921;35876.2234375;9.3603
25.015;35876.2234837963;9.6038
25.996;35876.2235069444;9.7889
26.904;35876.2235416667;10.0101
28.02;35876.2235648148;10.2402
29.068;35876.223599537;10.3374
29.913;35876.2236458333;10.4682
31.105;35876.2236805556;10.6157
31.996;35876.2237037037;10.7436
32.917;35876.2237268519;10.9083
33.994;35876.2237615741;11.134
35.255;35876.2238078704;11.4808
35.854;35876.2238425926;11.5663
37.096;35876.2238657407;11.669
37.905;35876.2238888889;11.7768
39.006;35876.2239467593;11.8937
39.641;35876.2239467593;11.9024
41.214;35876.2240277778;11.9809
42.214;35876.2240625;12.0426
42.725;35876.2240856482;12.0558
43.908;35876.2241435185;12.818
45.083;35876.2241898148;15.4656
45.61;35876.224212963;15.5652
2.153;35879.1165046296;7.3541
3.074;35879.1165277778;7.3539
4.018;35879.1165625;7.3539
5.003;35879.1166087963;7.3539
6.009;35879.1166435185;7.3539
7.007;35879.1166666667;7.354
8.003;35879.116724537;7.3542
8.998;35879.1167476852;7.3548
10;35879.1167939815;7.3551
10.979;35879.1168287037;7.3557
12.01;35879.1168518519;7.3562
13.008;35879.1168865741;7.3577
13.936;35879.1169328704;7.3613
15.065;35879.1169675926;7.3676
15.905;35879.1169907407;7.374
17.035;35879.117025463;7.3813
17.989;35879.1170717593;7.3853
18.948;35879.1170949074;7.3866
20.025;35879.1171527778;7.3864
21.018;35879.1171875;7.3865
21.957;35879.1172106481;7.3877
23.024;35879.1172569444;7.3891
23.965;35879.1172916667;7.3907
25.011;35879.1173148148;7.3912
26.041;35879.117349537;7.3913
26.957;35879.1173958333;7.394
27.982;35879.1174305556;7.3973
29.038;35879.1174537037;7.8247
29.941;35879.1174884259;8.7147
31.038;35879.1175347222;9.2331
31.997;35879.1175578704;9.3912
33.002;35879.1175925926;9.4648
33.98;35879.1176388889;9.5041
34.896;35879.1176736111;9.6178
36.013;35879.1176967593;9.921
37.005;35879.1177314815;10.33
37.99;35879.1177777778;11.189
39.067;35879.1178125;11.6292
39.987;35879.1178356481;11.9493
41.043;35879.1178819444;12.3696
41.992;35879.1179166667;12.6337
42.981;35879.1179398148;13.157
44.045;35879.117974537;14.4433
45.07;35879.1180208333;15.5358
45.875;35879.1180555556;15.5441
2.131;35922.3142708333;7.4834
3.091;35922.3143287037;7.4833
3.916;35922.3143518519;7.4835
5.065;35922.3143865741;7.4836
5.973;35922.3144097222;7.4838
7.005;35922.3144444444;7.4834
8.012;35922.3144907407;7.4829
9;35922.3145138889;7.4822
10.016;35922.3145486111;7.4819
10.986;35922.3145949074;7.4819
11.996;35922.3146296296;7.4818
12.939;35922.3146527778;7.4816
14.148;35922.3146875;7.4813
14.856;35922.3147106481;7.4807
15.984;35922.3147569444;7.4772
17.171;35922.3147916667;7.4771
17.994;35922.3148148148;7.5443
19.009;35922.314849537;7.6028
19.8;35922.3148726852;7.6383
21.01;35922.3149305556;7.6914
22.078;35922.3149537037;7.7109
22.937;35922.3149768518;7.7423
24.149;35922.3150347222;7.7796
24.881;35922.3150578704;7.7831
26.014;35922.3150925926;7.7991
27.264;35922.3151388889;7.8022
27.913;35922.3151388889;7.8191
29.153;35922.3151967593;7.8661
29.79;35922.3152199074;7.9056
31.021;35922.3152546296;7.9907
32.101;35922.3153009259;8.1404
32.884;35922.3153125;8.3449
34.139;35922.3153587963;9.0327
34.832;35922.3153819444;9.9687
36.069;35922.3154166667;10.5092
37.105;35922.315462963;10.7451
37.909;35922.315474537;10.9236
39.131;35922.3155208333;11.4354
40.059;35922.3155555556;11.5833
41.008;35922.3155787037;11.7293
42.032;35922.315625;12.3262
42.947;35922.3156597222;12.5999
44.017;35922.3156828704;12.6241
44.991;35922.3157175926;15.0694
45.726;35922.3157407407;16.522301
1.095;35924.6247916667;7.3558
2.024;35924.6248148148;7.3561
3.027;35924.624849537;7.3571
3.986;35924.6248958333;7.3587
5;35924.6249305556;7.3605
5.993;35924.6249537037;7.3573
6.986;35924.625;7.3459
8.013;35924.6250347222;7.3374
8.991;35924.6250578704;7.3428
9.989;35924.6250925926;7.3505
10.974;35924.6251157407;7.3552
11.998;35924.625150463;7.3626
12.984;35924.6251967593;7.3695
13.972;35924.6252199074;7.3866
14.992;35924.6252546296;7.3939
15.955;35924.6253009259;7.3953
17.009;35924.6253356481;7.3958
17.962;35924.6253587963;7.3999
18.967;35924.6253935185;7.4067
20.061;35924.6254398148;7.4294
21.016;35924.625474537;7.4804
21.978;35924.6254976852;7.5255
22.983;35924.6255208333;7.533
24.01;35924.6255555556;7.5538
24.994;35924.6256018519;7.5873
26.049;35924.6256365741;7.6246
26.996;35924.6256597222;7.648
27.975;35924.6256944444;7.6995
28.988;35924.6257407407;7.7411
29.989;35924.6257638889;7.794
31.058;35924.6257986111;8.2599
31.964;35924.6258217593;9.8635
32.963;35924.6258564815;10.1925
33.991;35924.6259027778;10.3595
35.155;35924.6259375;10.6669
35.84;35924.6259606481;10.7984
36.954;35924.6260185185;11.0331
38.024;35924.6260416667;11.139
39.052;35924.626099537;11.2713
39.956;35924.6261226852;11.6966
41.017;35924.6261689815;12.356
42.001;35924.6261805556;12.5498
42.995;35924.6262268519;13.0014
43.986;35924.6262615741;14.5688
44.999;35924.6262847222;15.8289
45.998;35924.6263194444;16.0375
46.633;35924.6263425926;16.041901
1.139;36009.5937615741;7.1403
2.236;36009.5938425926;7.1402
3.1;36009.5938657407;7.1393
4.272;36009.5939236111;7.1409
4.903;36009.5939467593;7.1419
6.071;36009.5940046296;7.1436
7.012;36009.5940509259;7.1501
7.993;36009.5940856481;7.1572
9.105;36009.5941435185;7.162
9.999;36009.5941666667;7.1692
11.067;36009.594224537;7.1793
11.973;36009.5942708333;7.1934
13.013;36009.5943055556;7.1978
14.003;36009.5943518519;7.1991
15.037;36009.5944097222;7.2003
15.889;36009.5944328704;7.1993
17.017;36009.5944907407;7.2003
18.037;36009.594525463;7.202
18.951;36009.5945717593;7.2039
20.035;36009.5946296296;7.2102
20.997;36009.5946527778;7.2277
21.978;36009.5947106481;7.2576
23.025;36009.5947569444;7.3184
23.865;36009.5947916667;7.3307
25.012;36009.594837963;7.3348
25.966;36009.5948726852;7.3554
26.987;36009.5949305556;7.3856
28.097;36009.5949768519;7.402
28.954;36009.5950115741;7.4052
30.006;36009.5950578704;7.3984
30.903;36009.5950925926;7.272
32.052;36009.5951388889;7.2366
32.986;36009.5951736111;7.6226
33.998;36009.5952199074;8.3969
34.977;36009.5952777778;10.3346
36.11;36009.5953125;11.3596
37.113;36009.5953587963;12.1158
37.99;36009.5953935185;12.3844
39.002;36009.5954398148;12.8313
39.943;36009.595474537;13.3474
40.999;36009.5955208333;13.9367
42.016;36009.5955787037;14.2337
42.983;36009.5956018519;14.3198
44.003;36009.5956597222;14.4847
45.024;36009.5956944444;14.899
45.99;36009.5957407407;16.301399
46.561;36009.5957638889;17.0378
0.991;36011.696400463;7.174
2.041;36011.6964699074;7.1738
3.028;36011.6965046296;7.1737
3.798;36011.6965277778;7.1736
5.08;36011.6965856481;7.1734
5.748;36011.6966087963;7.1732
6.969;36011.6966666667;7.1731
7.904;36011.696712963;7.1728
9.007;36011.6967708333;7.1725
10.101;36011.6968055556;7.1724
10.942;36011.6968518519;7.1724
12.017;36011.6968865741;7.1725
13.299;36011.6969444444;7.1724
13.945;36011.6969675926;7.1724
15;36011.6970138889;7.1723
16.068;36011.6970717593;7.1724
17.135;36011.6971064815;7.1729
18.012;36011.6971527778;7.1824
19.002;36011.6971875;7.1905
19.948;36011.6972337963;7.1922
20.969;36011.6972685185;7.1939
21.975;36011.6973148148;7.196
22.98;36011.6973726852;7.1964
24.032;36011.6974189815;7.2043
25.016;36011.6974537037;7.2391
25.968;36011.6975;7.3393
26.949;36011.6975347222;7.4228
27.986;36011.6975694444;7.4235
28.986;36011.6976157407;7.4204
30.052;36011.6976736111;7.4076
31.04;36011.6976967593;7.349
32.192;36011.6977546296;7.3873
33.035;36011.6978009259;7.48
33.947;36011.6978356481;7.5794
35.09;36011.6978935185;8.6617
35.983;36011.6979166667;10.4942
37.036;36011.697974537;11.6725
38.018;36011.6979976852;12.3896
39.118;36011.6980555556;12.733
39.998;36011.6981018518;13.0094
41.038;36011.6981365741;13.2057
41.929;36011.6981828704;13.6817
42.916;36011.6982175926;14.0583
43.953;36011.6982638889;14.5516
44.975;36011.6982986111;15.9215
45.854;36011.6983449074;17.0238
1.148;36100.2121064815;8.5612
2.081;36100.2121759259;8.5615
2.957;36100.2122106481;8.5615
3.903;36100.2122569444;8.5616
4.987;36100.2122916667;8.5618
6.098;36100.212337963;8.5619
7.052;36100.2123726852;8.5619
8.009;36100.2123958333;8.5618
8.989;36100.2124305556;8.5619
9.992;36100.2124768519;8.5619
11.078;36100.2125115741;8.562
12.012;36100.2125578704;8.5622
12.845;36100.2125925926;8.5622
14.015;36100.2126157407;8.5622
15.203;36100.2126736111;8.5634
15.851;36100.2126967593;8.5636
17.017;36100.2127314815;8.5643
17.998;36100.2127777778;8.5671
18.934;36100.2128125;8.5778
20.074;36100.2128587963;8.6034
21.001;36100.2128819444;8.6111
22.033;36100.2129166667;8.6161
22.903;36100.2129398148;8.6205
24.031;36100.2129976852;8.623
25.116;36100.2130208333;8.6254
26.014;36100.2130555556;8.6272
27.194;36100.2131018518;8.7025
27.902;36100.2131365741;8.7363
29.016;36100.2131828704;8.7526
29.874;36100.2131944444;8.782
30.985;36100.2132407407;8.8319
32.064;36100.213275463;8.9089
32.979;36100.2133217593;8.9519
34.175;36100.2133796296;9.1466
35.068;36100.2134027778;10.1164
35.975;36100.2134606481;10.899
36.995;36100.2134837963;12.1149
38.059;36100.2135416667;14.0044
39.033;36100.213587963;14.3509
39.859;36100.2136226852;14.7351
41.016;36100.2136805556;15.1624
42.02;36100.2137268518;15.3718
43.01;36100.2137615741;15.619
44.13;36100.2138078704;16.6943
44.694;36100.2138194444;16.8888
3.427;36102.8966087963;8.739
4.011;36102.8966087963;8.739
5.006;36102.8966435185;8.7391
5.908;36102.8966666667;8.7393
6.996;36102.896724537;8.7393
7.983;36102.8967476852;8.7391
8.892;36102.8967939815;8.739
10.043;36102.8968287037;8.7389
10.999;36102.8968518519;8.7389
11.949;36102.8968865741;8.7389
13.09;36102.8969328704;8.7389
14.132;36102.8969675926;8.7389
15.028;36102.8970138889;8.7389
15.809;36102.897025463;8.7388
16.978;36102.8970717593;8.7388
18.179;36102.8971296296;8.7393
18.946;36102.8971527778;8.7395
19.9;36102.8971875;8.7404
21.077;36102.8972337963;8.7416
22.066;36102.8972685185;8.7432
22.858;36102.8972916667;8.7452
24.034;36102.897337963;8.7476
25.179;36102.8973726852;8.7485
25.815;36102.8973958333;8.7499
26.998;36102.8974305556;8.7617
28.221;36102.8974768519;8.7857
28.94;36102.8975115741;8.8192
30.127;36102.8975578704;9.1527
30.903;36102.8975694444;9.6151
32.125;36102.8976157407;9.9032
33.045;36102.897650463;10.3666
33.869;36102.8976736111;10.85
35.167;36102.8977314815;11.0102
35.939;36102.8977546296;11.0914
36.928;36102.8978009259;11.3195
37.984;36102.8978356481;11.7329
39.057;36102.8978935185;11.9879
40.028;36102.8979166667;12.1131
40.918;36102.897962963;12.2887
41.945;36102.8979976852;12.6364
43.056;36102.8980439815;13.0712
44.145;36102.8980787037;14.1581
44.691;36102.8981018519;14.5279
1.259;36170.6466435185;7.5256
2.021;36170.646724537;7.527
3.045;36170.6467476852;7.5247
4.006;36170.6467939815;7.522
5.024;36170.6468287037;7.5218
5.965;36170.6468518519;7.5212
7.023;36170.6468865741;7.521
7.985;36170.6469097222;7.5209
9.006;36170.6469328704;7.543
10.011;36170.6469675926;7.5509
10.997;36170.6469907407;7.5529
12.015;36170.647025463;7.5531
13.007;36170.6470717593;7.5537
13.967;36170.6470949074;7.5542
14.98;36170.6471296296;7.555
15.786;36170.6471527778;7.5555
17.05;36170.6471875;7.556
17.814;36170.6472106481;7.5588
19.028;36170.6472337963;7.5884
19.787;36170.6472685185;7.6037
20.99;36170.6472916667;7.6363
21.858;36170.647337963;7.6948
22.982;36170.6473726852;7.7746
23.958;36170.6473958333;7.8122
25.001;36170.6474305556;7.9068
25.861;36170.6474537037;7.9976
26.998;36170.6474768519;8.0459
27.997;36170.6475115741;8.4086
28.936;36170.6475347222;8.6556
30.003;36170.6475694444;8.897
30.858;36170.6475925926;9.1616
31.975;36170.6476388889;9.8998
33.003;36170.6476736111;11.1981
33.971;36170.6476967593;11.9228
35.209;36170.6477314815;12.3371
35.875;36170.6477546296;12.6583
37.126;36170.6478009259;13.1438
38.011;36170.6478125;13.6778
38.948;36170.6478356481;14.3533
40.226;36170.6478935185;14.5977
40.859;36170.6478935185;14.6484
42.047;36170.6479398148;14.7756
42.823;36170.647974537;14.8631
44.016;36170.6479976852;15.1408
45.181;36170.6480439815;15.5528
45.54;36170.6480555556;15.8747
1.494;36202.5182407407;7.5282
1.994;36202.5182638889;7.5282
3.007;36202.5182986111;7.5282
3.995;36202.5183449074;7.5279
4.998;36202.5183796296;7.5274
6.007;36202.5184027778;7.5267
6.988;36202.5184375;7.5267
7.997;36202.5184837963;7.5268
9.009;36202.5185185185;7.5271
9.999;36202.5185416667;7.5301
11.005;36202.518587963;7.5338
11.997;36202.5186226852;7.5395
12.995;36202.5186458333;7.5693
14.013;36202.5186805556;7.5817
14.996;36202.5187268518;7.5952
15.998;36202.5187615741;7.6468
16.994;36202.5188078704;7.6861
17.986;36202.5188425926;7.7101
19.01;36202.5188657407;7.7377
19.996;36202.518900463;7.7563
20.989;36202.5189467593;7.7656
21.996;36202.5189699074;7.7738
22.996;36202.5190046296;7.7812
23.998;36202.5190509259;7.7882
24.999;36202.5190856481;7.7922
26.002;36202.5191087963;7.7938
27.001;36202.5191435185;7.7967
27.999;36202.5191898148;7.7974
28.996;36202.519224537;7.7988
30;36202.5192476852;7.7995
30.991;36202.5192939815;7.8001
32.011;36202.5193287037;7.8024
33.004;36202.5193518518;7.8049
33.999;36202.5193865741;7.81
35.013;36202.5194328704;7.8287
36.008;36202.5194675926;7.8742
36.991;36202.5194907407;10.2934
38.008;36202.519525463;11.5206
38.993;36202.5195717593;12.089
40.029;36202.5195949074;12.184
41.007;36202.5196296296;12.5154
42.002;36202.5196759259;13.261
42.997;36202.5197106482;15.379
44.006;36202.5197337963;15.7635
45.005;36202.5197685185;15.7646
45.525;36202.5197916667;15.7651
1.982;36202.934849537;7.4627
3.09;36202.9348958333;7.4633
3.824;36202.9349305556;7.4637
4.881;36202.9349768519;7.4643
6.037;36202.9350115741;7.4647
7.003;36202.9350578704;7.4651
8.018;36202.9350925926;7.4654
8.998;36202.9351388889;7.4653
9.999;36202.9351736111;7.4655
11.021;36202.9352199074;7.4655
11.994;36202.9352546296;7.4667
13.015;36202.9353125;7.4714
13.988;36202.9353356482;7.4768
15.004;36202.9353935185;7.485
16.026;36202.9354166667;7.4934
16.983;36202.935474537;7.514
17.924;36202.9354976852;7.5559
19.055;36202.9355555556;7.5738
20.056;36202.9356018519;7.6156
20.895;36202.9356365741;7.6322
22.055;36202.9356828704;7.6406
23.043;36202.9357175926;7.685
23.982;36202.9357407407;7.7344
25.015;36202.9357986111;7.7662
25.996;36202.9358449074;7.7701
27.005;36202.9358796296;7.7753
27.995;36202.9359259259;7.7793
29.063;36202.9359606481;7.7808
30.003;36202.9360069444;7.7824
30.998;36202.9360416667;7.7863
31.962;36202.9360648148;7.7969
33.005;36202.9361226852;7.8047
34.033;36202.9361689815;7.8214
35.007;36202.9362037037;7.8888
36.002;36202.93625;8.6285
37.009;36202.9362847222;10.6598
38.002;36202.9363194444;11.45
38.995;36202.9363657407;11.9107
39.991;36202.936400463;12.2259
40.993;36202.9364467593;12.704
41.963;36202.9364699074;14.0855
43.007;36202.9365277778;15.7202
44.002;36202.9365625;15.7246
44.934;36202.9366087963;15.7275
1.4;36240.0416087963;7.3185
1.982;36240.0416435185;7.3185
2.757;36240.0416898148;7.3183
3.833;36240.041724537;7.3183
5.055;36240.0417939815;7.3183
5.936;36240.0418287037;7.3185
6.942;36240.0418865741;7.3185
7.91;36240.0419328704;7.3185
9.027;36240.0419907407;7.3184
10.091;36240.042025463;7.3188
11.026;36240.0420717593;7.3188
12.098;36240.0421296296;7.3187
13.093;36240.0421875;7.3187
14.135;36240.0422337963;7.3188
15.167;36240.0422916667;7.3191
16.091;36240.042337963;7.3201
17.05;36240.0423726852;7.321
18.055;36240.0424305556;7.3209
19.053;36240.0424768518;7.3208
19.988;36240.0425115741;7.3358
20.986;36240.0425578704;7.3701
21.985;36240.0426157407;7.374
22.967;36240.042650463;7.3751
23.985;36240.0427199074;7.3832
24.995;36240.0427546296;7.4225
25.981;36240.0428125;7.5424
26.957;36240.0428587963;7.5583
27.989;36240.0429166667;7.5576
28.954;36240.042962963;7.5577
29.95;36240.0429976852;7.5575
31.017;36240.0430555556;7.558
32.046;36240.0431018519;7.5599
33.092;36240.0431597222;7.5603
34.073;36240.0431944444;7.5608
34.963;36240.0432407407;7.5613
36.059;36240.0432986111;7.5615
37.123;36240.0433449074;7.5619
38.078;36240.0434027778;7.5668
39.035;36240.0434375;7.5741
39.968;36240.0434837963;8.078
40.991;36240.0435416667;11.0268
41.961;36240.043587963;13.6121
42.933;36240.0436226852;14.6721
43.916;36240.0436805556;15.1112
44.923;36240.0437268519;15.5753
45.788;36240.0437847222;15.5958
1.046;36242.7666666667;7.2496
2.125;36242.7669907407;7.2468
2.979;36242.767025463;7.2467
4.042;36242.7670717593;7.2464
5.01;36242.7671064815;7.2456
5.982;36242.7671527778;7.2455
7.001;36242.7671875;7.2461
7.966;36242.7672337963;7.2477
8.908;36242.7672685185;7.2536
10.006;36242.7673148148;7.2801
10.957;36242.767349537;7.3123
11.907;36242.7673726852;7.3391
13.042;36242.7674305556;7.3624
14.052;36242.7674768519;7.3636
15.029;36242.7675115741;7.3656
15.993;36242.7675578704;7.3681
16.916;36242.7675925926;7.3848
17.942;36242.7676388889;7.4174
19.14;36242.7676967593;7.4206
20.03;36242.7677314815;7.4264
20.935;36242.7677777778;7.4353
21.978;36242.7678125;7.4537
22.853;36242.7678587963;7.4657
23.992;36242.7678935185;7.4831
25.108;36242.7679398148;7.4943
26.103;36242.7679976852;7.5058
27;36242.7680439815;7.5129
27.947;36242.7680787037;7.5242
28.966;36242.7681365741;7.5417
29.866;36242.7681828704;7.5521
30.933;36242.7682175926;7.5572
32.034;36242.7682638889;7.5602
33.052;36242.7682986111;7.562
33.977;36242.7683449074;7.587
34.917;36242.7683796296;7.5916
36.033;36242.7684027778;7.8346
37.031;36242.7684606481;8.1692
37.877;36242.7684837963;8.7459
38.902;36242.7685185185;9.2682
40.195;36242.768587963;10.2011
41.096;36242.7686226852;10.901
41.88;36242.7686805556;11.5511
43.117;36242.7687847222;12.9089
43.995;36242.7688425926;13.9293
44.984;36242.768900463;14.3013
45.791;36242.7689467593;15.2258
2.244;36288.2373726852;7.3701
2.859;36288.2373958333;7.3701
3.979;36288.2374305556;7.3701
5.026;36288.2374768518;7.3702
6.009;36288.2375115741;7.3702
7.135;36288.2375347222;7.3702
8.026;36288.2375694444;7.3701
8.97;36288.2376157407;7.3702
9.917;36288.2376388889;7.3702
10.971;36288.2376736111;7.3702
11.998;36288.2376967593;7.3701
12.895;36288.2377314815;7.3702
14.056;36288.2377777778;7.3702
15.028;36288.2378125;7.3702
16.006;36288.2378356481;7.3702
17.244;36288.2378935185;7.3701
17.868;36288.2378935185;7.3701
19.106;36288.2379398148;7.3701
19.923;36288.237974537;7.3699
21.116;36288.2380208333;7.37
21.91;36288.2380439815;7.379
22.998;36288.2380787037;7.4076
24.22;36288.238125;7.4435
24.952;36288.2381365741;7.4685
26.008;36288.2381828704;7.4787
27.073;36288.2382175926;7.507
27.848;36288.2382407407;7.5136
29.067;36288.238275463;7.5289
30.013;36288.2382986111;7.5394
30.864;36288.2383449074;7.5487
32.055;36288.2383796296;7.58
32.95;36288.2384027778;7.5977
34.006;36288.2384375;7.6216
35.172;36288.2384837963;7.6393
35.997;36288.2385185185;7.7048
36.886;36288.2385416667;7.7957
38.097;36288.238587963;8.0438
38.962;36288.238599537;8.8334
39.951;36288.2386458333;10.2057
41.144;36288.2386805556;11.042
41.857;36288.2387037037;11.191
42.996;36288.23875;11.4252
43.997;36288.2387615741;11.5781
44.997;36288.2388078704;11.7495
45.773;36288.2388194444;11.843
2.318;36291.3402546296;7.4776
2.968;36291.3403009259;7.4763
3.965;36291.3403356482;7.4762
5.019;36291.3403819444;7.4762
6.001;36291.3404166667;7.4762
6.982;36291.340462963;7.4763
7.858;36291.340474537;7.4762
8.963;36291.3405208333;7.4762
10.01;36291.3405787037;7.476
10.996;36291.3406018519;7.4757
11.904;36291.3406365741;7.4753
12.987;36291.3406828704;7.4739
14.066;36291.3407175926;7.4736
15.005;36291.3407638889;7.4738
16.045;36291.3407986111;7.4738
17.04;36291.3408449074;7.4738
17.949;36291.3408796296;7.4737
18.964;36291.3409027778;7.4736
20.025;36291.3409606482;7.4737
21.014;36291.3409837963;7.4735
22.008;36291.3410185185;7.4735
23.014;36291.3410648148;7.4736
24.047;36291.341099537;7.4738
25.099;36291.3411458333;7.4738
25.954;36291.3411805556;7.4738
26.948;36291.3412268519;7.4737
27.974;36291.3412615741;7.4734
28.994;36291.3412847222;7.4722
30.021;36291.3413425926;7.4718
30.951;36291.3413657407;7.4695
32.002;36291.341400463;7.4648
33.01;36291.3414467593;7.46
34.003;36291.3414814815;7.4568
34.981;36291.3415277778;7.4673
36.038;36291.3415625;7.5117
37.028;36291.3416087963;7.5747
37.822;36291.3416319444;7.6211
38.981;36291.3416666667;7.7753
40.004;36291.341712963;7.9332
41.03;36291.3417476852;8.3182
42.134;36291.3417939815;11.8784
43.121;36291.3418287037;14.0802
43.931;36291.3418518519;14.575
44.916;36291.3419097222;14.5815
46.013;36291.3419675926;14.584
1.424;36373.4128009259;7.2746
1.975;36373.4128125;7.2743
3.001;36373.4128356481;7.2736
3.996;36373.4128587963;7.2775
4.997;36373.4128935185;7.2794
6.002;36373.4129166667;7.2844
7.002;36373.4129398148;7.2883
8.005;36373.412974537;7.3064
8.993;36373.4129976852;7.2924
10.001;36373.4130208333;7.276
10.987;36373.4130555556;7.2676
11.998;36373.4130787037;7.2995
13.011;36373.413125;7.3227
13.975;36373.4131365741;7.3521
15.009;36373.4131828704;7.4419
15.994;36373.4131944444;7.4478
17;36373.4132175926;7.5026
17.998;36373.4132638889;7.639
18.999;36373.413275463;7.7075
20.004;36373.4133217593;7.827
21.004;36373.4133449074;7.9577
22.002;36373.4133796296;7.971
23.005;36373.4134027778;8.3317
23.987;36373.4134259259;7.8016
25.016;36373.4134606481;7.6217
25.99;36373.4134837963;7.6375
27.004;36373.4135185185;7.5968
28.003;36373.4135416667;7.6908
29;36373.4135648148;7.749
30.007;36373.413599537;8.0784
30.993;36373.4136226852;8.3556
32.006;36373.4136458333;8.5893
33.007;36373.4136805556;8.7675
33.994;36373.4137037037;8.9599
35.016;36373.4137268519;9.5359
35.986;36373.4137615741;10.0398
37.022;36373.4137847222;10.6175
37.992;36373.4138078704;10.9931
39;36373.4138425926;11.4336
40.014;36373.4138657407;12.1105
40.992;36373.4138888889;13.1595
42.017;36373.4139236111;14.4501
42.982;36373.4139467593;15.1979
44.006;36373.4139699074;15.9212
44.998;36373.4140046296;16.6243
46.008;36373.4140277778;17.6264
46.694;36373.4140625;17.8822
1.429;36376.5486805556;7.0449
2.028;36376.5487268519;7.043
2.884;36376.54875;7.0453
3.976;36376.5487847222;7.0447
5.02;36376.5488078704;7.045
6.008;36376.5488425926;7.0522
7.052;36376.5488657407;7.0611
7.996;36376.548900463;7.0756
9.039;36376.5489236111;7.0936
10.046;36376.5489699074;7.1495
11.014;36376.5490046296;7.3516
12.021;36376.5490277778;7.397
12.994;36376.5490625;7.3767
13.999;36376.5490856481;7.3899
14.999;36376.5491087963;7.5129
15.932;36376.5491435185;7.5497
17.081;36376.5491898148;7.5816
17.998;36376.549212963;7.594
18.829;36376.549224537;7.6298
19.994;36376.5492708333;7.6576
21;36376.5493055556;7.7359
22;36376.5493287037;7.8025
22.989;36376.549375;8.0774
24.005;36376.5493865741;7.7888
24.841;36376.5494328704;7.71
25.964;36376.5494675926;7.7254
27.17;36376.5494907407;7.8694
27.921;36376.5495138889;8.0713
29.003;36376.5495486111;8.2794
30.164;36376.5495949074;8.615
30.941;36376.5496064815;8.758
31.897;36376.5496296296;9.0875
33.097;36376.5496875;9.5563
33.946;36376.5497106481;10.188
35.029;36376.5497337963;10.5912
36.24;36376.5497685185;11.0239
37.029;36376.5497916667;11.4691
37.982;36376.5498148148;12.025
39.007;36376.549849537;12.8272
39.985;36376.5498958333;13.4437
40.808;36376.5499189815;13.7553
41.991;36376.5499537037;14.604
43.051;36376.5499768518;15.6147
43.933;36376.55;16.1283
45.101;36376.5500347222;17.1443
45.863;36376.5500578704;17.8475
46.585;36376.5500694444;18.0548
